Review Time,User Name,Review Content
3 weeks ago,W***.,"Perfect for iPhone and iPad users, High-quality braided cable,  "
26-Jan-25,Harwant S.,Shipment was fast. Length is just perfect for use in my car. Thank you  
6 days ago,Chong F.,"ðŸ’²Price:mfi cable expensive 
 ðŸ›¡Durability:normal cable, not special in durability 

 â™‹Compatibility:it compatibility with ip13 pro "
1 week ago,T***.,"Great value for money, Reliable and long-lasting, Compatible with various devices.  Affordable price. "
1 week ago,Teoh W.,"Fast data transfer speed, Great value for money, Convenient length options, Reliable and long-lasting,  "
3 weeks ago,Nauval P.,"Compatible with various devices, Great value for money, Easy to use and plug in, Convenient length options, Reliable and long-lasting,  "
2 weeks ago,*******740,"Compatible with various devices, High-quality
 ðŸ’²Price:  affordable  "
1 week ago,LIM S.,"Convenient length options, Fast data transfer speed, great colour "
2 weeks ago,H***.,Fast delivery and item received in good condition 
1-Jan-25,Teh K.,"ðŸ’²Price:Great for quality
 ðŸ›¡Durability:Great for the quality
 â™‹Compatibility:Great for the quality "
20-Dec-24,s***.,"Durable and fast charging, Fast data transfer speed, Easy to use and plug in, Reliable and long-lasting,  "
29-Dec-24,Jetli C.,The cable is very durable and good. Working very well with charger. Hopefully can last longer 
17-Dec-24,Pei P.,"Durable and fast charging, Great value for money, Sleek and stylish design, Perfect for iPhone and iPad users, Compatible with various devices, Reliable and long-lasting,  "
13-Jan-25,P***.,"Easy to use and plug in, Fast data transfer speed, Durable and fast charging,  "
23-Jan-25,Mandy L.,"Perfect for iPhone and iPad users, Fast data transfer speed,  "
29-Nov-24,C***.,"Reliable and long-lasting, Compatible with various devices, High-quality braided cable, Perfect for iPhone and iPad users, Great value for money, Easy to use and plug in. Really fast charge compare to my previous one "
15-Dec-24,Teng F.,"Sleek and stylish design, Reliable and long-lasting, Compatible with various devices,  "
13-Nov-24,MOHAMAD S.,"Easy to use and plug in, Great value for money, Perfect for iPhone and iPad users, Durable and fast charging, Compatible with various devices, Convenient length options, Fast data transfer speed, Sleek and stylish design, MFI GRADE "
13-Nov-24,MOHAMAD S.,"Perfect for iPhone and iPad users, Sleek and stylish design, Convenient length options, Easy to use and plug in, High-quality braided cable, Compatible with various devices, Great value for money, Reliable and long-lasting, MFI GRADE "
23-Dec-24,T***.,"good product quality 
good value for money
fast delivery
good "
